div,dept,sales
1,211,34.15388275
2,211,21.40553669
3,211,84.44058056
1,212,107.1514691
2,212,40.54695793
3,212,252.301573
1,213,140.591624
2,213,159.1279173
3,213,248.2804588
1,214,300.3689406
2,214,91.33550962
3,214,61.29554974
1,215,39.65650236
2,215,29.50683284
3,215,54.8366648
1,216,236.077585
2,216,103.0772461
3,216,67.84516888
